store_branch_level_1,sales,engagement,traffic,cost,TOPSIS_Closeness
Services,0.2673929081187548,0.23553038529434517,0.09458464131997749,0.17478175414902122,0.33817830869493964
Food & Beverage Services,0.2687351326784438,0.22005527011351173,0.13967469412876665,0.08222812083818574,0.31594424751971567
Health & Beauty,0.26714640335799716,0.14737507110505016,0.14491278176822459,0.1004924818386095,0.29244069698924496
Bags & Footwear & Accessories,0.272399105491787,0.05942940806673634,0.13958226400418733,0.09577949313254566,0.2648230542898427
Fashion apparel,0.27512958759328093,0.03951455627150109,0.15274418768548637,0.05866550864107886,0.2566062199252528
